{"cameraMode":{"drawMode":0,"name":"Shaded","section":"Shading Mode"},"sceneLighting":true,"audioPlay":false,"sceneViewState":{"showFog":true,"showMaterialUpdate":true,"showSkybox":true,"showFlares":true,"showImageEffects":true,"showParticleSystems":true},"in2DMode":false,"pivot":{"x":435.498046875,"y":-68.69757080078125,"z":874.852294921875},"rotation":{"x":0.20404133200645448,"y":-0.013496615923941136,"z":0.0028132000006735327,"w":0.9788652062416077},"size":1787.1923828125,"orthographic":false}